anchor,osc_hold,trend_hold,gain,sharpe,ann_return,max_drawdown,annual_turnover
0.0,3,3,0.75,0.3955152988229437,0.03791404905716034,-0.19371318687116845,24.62727272727273
0.0,3,3,1.0,0.3215841240375568,0.03452053041285197,-0.24309021455714386,27.6
0.0,3,3,1.25,0.32748959911757797,0.03645462806546651,-0.24909791296658323,28.28181818181818
0.0,3,5,0.75,0.3907540437028285,0.0367581551120757,-0.1859247750918368,21.960000000000004
0.0,3,5,1.0,0.31254800372848485,0.03270396117312324,-0.22127039120215197,24.043636363636367
0.0,3,5,1.25,0.29263704691897047,0.03126274393548423,-0.2349900848929678,24.490909090909092
0.0,3,8,0.75,0.4584553265712374,0.043515553823764375,-0.18061832192502136,19.622727272727275
0.0,3,8,1.0,0.39671242232185594,0.04320766125622555,-0.21357952981663553,20.927272727272726
0.0,3,8,1.25,0.36062128026852797,0.0407983854891838,-0.2249098094547307,21.681818181818183
0.0,5,3,0.75,0.4540235884903627,0.04485790338515505,-0.1841756371503983,24.103636363636365
0.0,5,3,1.0,0.3767979251325544,0.042161261052996224,-0.23129174903950456,27.207272727272727
0.0,5,3,1.25,0.3592023900066755,0.041041166045172384,-0.24178680694271615,27.736363636363635
0.0,5,5,0.75,0.4486413087603939,0.04353074992471595,-0.18517043893850804,21.338181818181816
0.0,5,5,1.0,0.3658888660392537,0.0399167827783129,-0.21752422975658803,23.563636363636366
0.0,5,5,1.25,0.3299570039489673,0.036541577245845724,-0.22684606790660677,24.0
0.0,5,8,0.75,0.522650712532308,0.050968931087701064,-0.17978521395833102,18.957272727272727
0.0,5,8,1.0,0.4489647739443226,0.05023867465057563,-0.21067960991337487,20.505454545454548
0.0,5,8,1.25,0.39979319788145484,0.0463629674985051,-0.22322529818446246,21.236363636363635
0.0,8,3,0.75,0.47623122631524095,0.04747104917666811,-0.19018792732614076,23.290909090909093
0.0,8,3,1.0,0.4116941369343946,0.04706762588937896,-0.22107964675092673,26.8
0.0,8,3,1.25,0.393566630048443,0.04604143842150088,-0.23025607115687308,27.18636363636364
0.0,8,5,0.75,0.4650145601733724,0.045478794163657854,-0.1911753974563436,20.533636363636365
0.0,8,5,1.0,0.39672780442079436,0.04420695241951633,-0.21884635682057396,23.250909090909094
0.0,8,5,1.25,0.36380620168073086,0.0415308984103,-0.22702041905845616,23.55454545454546
0.0,8,8,0.75,0.5366825465608096,0.05275952878027468,-0.18582985485003523,18.163636363636364
0.0,8,8,1.0,0.47659881702408113,0.0541748873149801,-0.21201327653178625,20.163636363636368
0.0,8,8,1.25,0.4235059845574513,0.050000564850821716,-0.22343141161592317,20.854545454545452
0.0,10,3,0.75,0.4673402274623437,0.04646243225621527,-0.1946627105129597,22.992396694214875
0.0,10,3,1.0,0.4171025064990072,0.04778689175414663,-0.21935478801820463,26.570578512396693
0.0,10,3,1.25,0.41011640501712693,0.04843344106809311,-0.224574700746611,26.975206611570254
0.0,10,5,0.75,0.4514253124339652,0.04398364641336516,-0.19564465358222927,20.157024793388427
0.0,10,5,1.0,0.3972141623734372,0.04431942560165303,-0.22060708552530772,23.004297520661154
0.0,10,5,1.25,0.37712911281298617,0.04350732047989103,-0.22791886063236766,23.355371900826448
0.0,10,8,0.75,0.5155616006221647,0.050463995376017534,-0.1903636813712819,17.78702479338843
0.0,10,8,1.0,0.4698106834081353,0.053379700947967956,-0.21378930124088558,19.93190082644628
0.0,10,8,1.25,0.42836514184832936,0.05078503885254304,-0.22433386174432035,20.671074380165287
0.3,3,3,0.75,0.751514512760751,0.08469056443002243,-0.19654366923589905,28.521818181818183
0.3,3,3,1.0,0.638672466674285,0.0770261240160417,-0.22503561153661567,29.28
0.3,3,3,1.25,0.5342901213186672,0.06651386695745143,-0.24210072515819436,29.28
0.3,3,5,0.75,0.7265431336335304,0.08043046668070808,-0.18389855942135092,25.985454545454548
0.3,3,5,1.0,0.6262513982980772,0.07487521706622635,-0.2123123644749002,26.181818181818183
0.3,3,5,1.25,0.5318929525377,0.06583895438442688,-0.22945963414164416,25.778181818181825
0.3,3,8,0.75,0.7703432379793549,0.08470394688275862,-0.1577946990429947,23.45181818181818
0.3,3,8,1.0,0.6651736452998779,0.08031838271324143,-0.18970152512358696,23.552727272727275
0.3,3,8,1.25,0.5826150133571001,0.07335610747103627,-0.20849598169873274,22.777272727272727
0.3,5,3,0.75,0.8096696839124731,0.09205217100685736,-0.1893861099680485,26.754545454545454
0.3,5,3,1.0,0.700378960661039,0.08616473404692448,-0.21353145988028865,28.581818181818186
0.3,5,3,1.25,0.5968238664626877,0.0759164325000421,-0.22929744562637844,28.723636363636363
0.3,5,5,0.75,0.7804950402107126,0.0871583374908842,-0.17660412121573443,24.08727272727273
0.3,5,5,1.0,0.6863646075588541,0.08379167659114173,-0.20101900048525845,25.35272727272727
0.3,5,5,1.25,0.5930782845511383,0.07506085482736435,-0.21696664611568917,25.080000000000002
0.3,5,8,0.75,0.823473346487714,0.09128899270077007,-0.15056197550565786,21.556363636363642
0.3,5,8,1.0,0.727278865003169,0.08962771075956888,-0.18663550577348476,22.705454545454543
0.3,5,8,1.25,0.6401715375465787,0.08223133825241291,-0.2066284344541296,22.15181818181818
0.3,8,3,0.75,0.8101700395750169,0.0919182936963776,-0.1891129686655968,25.431818181818187
0.3,8,3,1.0,0.7325007283279479,0.09078802234634575,-0.20631365853761874,27.69818181818182
0.3,8,3,1.25,0.6421065635167295,0.08290498694036241,-0.21719098057835995,28.12909090909091
0.3,8,5,0.75,0.7718423928425777,0.08589724947513933,-0.17624061748198872,22.60363636363636
0.3,8,5,1.0,0.7073467499322544,0.08686990157763486,-0.1953252930703835,24.48
0.3,8,5,1.25,0.6252764618904356,0.08006838102890268,-0.21089653812162168,24.55818181818182
0.3,8,8,0.75,0.8118723204128376,0.08974253570075663,-0.1601275599788502,20.053636363636365
0.3,8,8,1.0,0.7467380215120469,0.09267365768894664,-0.19399398939142098,21.807272727272725
0.3,8,8,1.25,0.6667560069812759,0.08663982688618765,-0.21060951132829564,21.593636363636364
0.3,10,3,0.75,0.797218264271764,0.08991484297904218,-0.18926191247017432,24.85487603305785
0.3,10,3,1.0,0.7297234961129792,0.09037337395761336,-0.20448189801885164,27.338181818181816
0.3,10,3,1.25,0.6554630379321225,0.08489258618471318,-0.2125940083058414,27.91636363636364
0.3,10,5,0.75,0.7507178103635147,0.08286786941018143,-0.17640526949354807,21.912396694214877
0.3,10,5,1.0,0.6971965614640634,0.08545009823728456,-0.20089622716380406,24.015867768595044
0.3,10,5,1.25,0.62697626395441,0.08037378097003511,-0.21312367469818128,24.29454545454545
0.3,10,8,0.75,0.7897553102736332,0.08669408938508583,-0.16469760469176176,19.41495867768595
0.3,10,8,1.0,0.7281690923612514,0.09010194249679748,-0.1995740389530909,21.335537190082643
0.3,10,8,1.25,0.6588974885167509,0.08557290249625882,-0.2128372922299019,21.28909090909091
0.5,3,3,0.75,0.913364893186597,0.10873239610870633,-0.1790319415371765,28.39090909090909
0.5,3,3,1.0,0.813669404338589,0.10330524420488052,-0.2070377146925676,30.218181818181822
0.5,3,3,1.25,0.6800254700452363,0.08831430392856165,-0.22739102892182073,29.809090909090912
0.5,3,5,0.75,0.8736504892374093,0.1030969073531609,-0.16993322233575703,25.805454545454545
0.5,3,5,1.0,0.8111227430467287,0.10277538869043279,-0.19720593379329643,27.512727272727272
0.5,3,5,1.25,0.7085263045445847,0.09279999397630645,-0.21361448972293506,26.509090909090908
0.5,3,8,0.75,0.8823931658368322,0.10434836051093499,-0.15052351659849228,23.577272727272724
0.5,3,8,1.0,0.8325487947970693,0.10616098986298406,-0.17366214247746858,25.127272727272725
0.5,3,8,1.25,0.7423246482054312,0.09795926692285883,-0.18485353337108024,24.095454545454544
0.5,5,3,0.75,0.9655682368223437,0.11512782589895765,-0.17197123074555454,26.214545454545455
0.5,5,3,1.0,0.8786791113165906,0.11241706469252599,-0.19343477234378548,28.36363636363636
0.5,5,3,1.25,0.7451831644923372,0.09871524229687045,-0.21618200096628382,29.045454545454543
0.5,5,5,0.75,0.9254597105376302,0.10950117287418704,-0.16281417100247275,23.53090909090909
0.5,5,5,1.0,0.875704188721983,0.11192900284687202,-0.1840926652686644,25.527272727272727
0.5,5,5,1.25,0.7712683892616393,0.103053182132542,-0.20225733936419144,25.58181818181818
0.5,5,8,0.75,0.9333916957090044,0.11072099432857097,-0.14325531312232642,21.354545454545455
0.5,5,8,1.0,0.896901052746306,0.11543120548936647,-0.1601402778012423,23.210909090909087
0.5,5,8,1.25,0.8008438383950768,0.10773392025212303,-0.18486514182434788,23.22727272727273
0.5,8,3,0.75,0.9713353459969641,0.11455225899412369,-0.17016742523767114,24.259090909090908
0.5,8,3,1.0,0.8973218952854656,0.11502986936742121,-0.19175888297606747,27.03636363636364
0.5,8,3,1.25,0.7820468751594876,0.10472673358255702,-0.20888363175060087,28.37272727272727
0.5,8,5,0.75,0.925490978014308,0.1083548584150702,-0.16101451110805642,21.59454545454545
0.5,8,5,1.0,0.8797035000674946,0.11244007614487539,-0.18238836673503855,24.210909090909094
0.5,8,5,1.25,0.7967778663338554,0.10746825926496939,-0.19614307291307387,24.922727272727272
0.5,8,8,0.75,0.9315730854176552,0.10953254431082016,-0.1414402974612512,19.431818181818183
0.5,8,8,1.0,0.8889676168017526,0.11423348653912391,-0.1704217150353945,21.727272727272723
0.5,8,8,1.25,0.8210344505622124,0.11150733073239039,-0.19576780230482782,22.490909090909092
0.5,10,3,0.75,0.9539014189150763,0.111361917705608,-0.16993722437328695,23.416363636363634
0.5,10,3,1.0,0.8885680604572053,0.11352145013916282,-0.1924559487098143,26.582479338842976
0.5,10,3,1.25,0.7869516121836764,0.10557670927241358,-0.20517519750113977,28.00661157024793
0.5,10,5,0.75,0.9034157434191009,0.10467342496407261,-0.16073944525098427,20.713388429752065
0.5,10,5,1.0,0.8601851568306714,0.10936557126986401,-0.18308079804637534,23.605289256198347
0.5,10,5,1.25,0.7854183251114943,0.10570926801536773,-0.2012200816613191,24.426446280991737
0.5,10,8,0.75,0.9058964035150036,0.10546368764007763,-0.1411754242154527,18.576446280991735
0.5,10,8,1.0,0.8601729157546673,0.10979216549558668,-0.17655126750574246,21.111735537190086
0.5,10,8,1.25,0.8089128946766622,0.10977986198031142,-0.20197487690819327,21.986363636363638
0.7,3,3,0.75,0.9680061784867026,0.12172500672259456,-0.15951818506045767,25.821818181818184
0.7,3,3,1.0,0.9163235704351221,0.12128684210888863,-0.18636841340821442,30.174545454545452
0.7,3,3,1.25,0.7877497405417551,0.10691271480225906,-0.21409410647004712,30.56181818181818
0.7,3,5,0.75,0.9524499612260228,0.12000168038338788,-0.15110504172176353,23.580000000000002
0.7,3,5,1.0,0.9350429169941227,0.12452822006391373,-0.1731921934806787,27.84
0.7,3,5,1.25,0.8333756033272733,0.11410999932749966,-0.1960238000835467,27.88363636363636
0.7,3,8,0.75,0.947711565703456,0.11964919789560624,-0.13862972445297617,21.807272727272725
0.7,3,8,1.0,0.9409226704667137,0.12572041080988994,-0.14926741381924946,25.676363636363632
0.7,3,8,1.25,0.8748524194077881,0.1211147917724611,-0.1661374966622604,25.543636363636363
0.7,5,3,0.75,1.017680921451061,0.12819341896723424,-0.15227436921481918,23.645454545454545
0.7,5,3,1.0,0.9894344798814139,0.13216334647493344,-0.17540184627319988,27.88363636363637
0.7,5,3,1.25,0.8627163675877952,0.11915086536067476,-0.1972741516036023,29.44909090909091
0.7,5,5,0.75,1.0014734720067024,0.12650216999963004,-0.1438091023561664,21.30545454545454
0.7,5,5,1.0,1.001349540684431,0.13448786577317806,-0.16203894402489238,25.396363636363635
0.7,5,5,1.25,0.9049927520412293,0.12607838334411947,-0.1796234996563859,26.607272727272733
0.7,5,8,0.75,0.9958046536411919,0.1261082136138434,-0.13927183681431599,19.584545454545456
0.7,5,8,1.0,1.0049945723167202,0.13545083563338012,-0.1396625431223878,23.236363636363638
0.7,5,8,1.25,0.9530143170095556,0.13431498680249,-0.15484911232792875,24.216363636363635
0.7,8,3,0.75,1.0228848287868813,0.12760644069534077,-0.15039733096666674,21.69
0.7,8,3,1.0,0.9985208147144559,0.13298266623390842,-0.17477105313037966,26.254545454545458
0.7,8,3,1.25,0.9030161793789585,0.12523397963610194,-0.18905065988154623,28.095454545454544
0.7,8,5,0.75,1.001557046865404,0.12533608432158005,-0.14193805631650724,19.36909090909091
0.7,8,5,1.0,1.000291273040292,0.13384093602279568,-0.16131686289659752,23.549090909090907
0.7,8,5,1.25,0.934068686238175,0.13052870150184637,-0.17163361572451985,25.244545454545456
0.7,8,8,0.75,0.9939854271552451,0.12490104833626026,-0.1397374593377675,17.66181818181818
0.7,8,8,1.0,0.9933780820861898,0.13321259324999657,-0.1402858418943168,21.32
0.7,8,8,1.25,0.971208835272603,0.13727011202741513,-0.16613445948604177,22.85
0.7,10,3,0.75,1.008704003749884,0.12482498358485716,-0.14951441111472918,20.847272727272728
0.7,10,3,1.0,0.9916818582348189,0.1314366304897696,-0.17455235856303164,25.529256198347106
0.7,10,3,1.25,0.9033939513591441,0.12508146300291378,-0.18707903353212285,27.692231404958676
0.7,10,5,0.75,0.980545989875916,0.12158621548194248,-0.14170124971903553,18.487933884297526
0.7,10,5,1.0,0.9820015360736307,0.13038810503657894,-0.16140166747943363,22.68495867768595
0.7,10,5,1.25,0.9288233914846757,0.12952548018978116,-0.1722667456254009,24.659504132231405
0.7,10,8,0.75,0.9714557087160947,0.12108488604749135,-0.1393048548544381,16.82900826446281
0.7,10,8,1.0,0.9709841455718341,0.12927730435809948,-0.1433057801026273,20.5203305785124
0.7,10,8,1.25,0.9490395947747206,0.13346592283605463,-0.17407367184707967,22.24801652892562
1.0,3,3,0.75,0.9492499998398309,0.1338918760234442,-0.15478684661710818,22.581818181818182
1.0,3,3,1.0,0.9883127874989043,0.14369996286051023,-0.15368752386065065,29.890909090909087
1.0,3,3,1.25,0.9241089591534335,0.13609505778602182,-0.17842512541888467,32.1
1.0,3,5,0.75,0.9549067680162602,0.13424440164212292,-0.15282786492029876,21.06
1.0,3,5,1.0,0.9994404907380423,0.144263489689898,-0.15107225275174796,27.861818181818183
1.0,3,5,1.25,0.9709583681249663,0.14277422090919245,-0.15809741313456116,30.000000000000004
1.0,3,8,0.75,0.9571860781898186,0.13448857521838153,-0.15053551129900344,19.499999999999996
1.0,3,8,1.0,1.0066844649439666,0.1446926022741959,-0.14801232677859277,25.78181818181818
1.0,3,8,1.25,0.991931240698803,0.14539542277478867,-0.14706869637594455,27.75454545454546
1.0,5,3,0.75,0.9925994394951795,0.14042786877337332,-0.15480800492101454,20.405454545454543
1.0,5,3,1.0,1.0466435622924057,0.15254002964113678,-0.15452852273635187,26.98909090909091
1.0,5,3,1.25,1.0090061425227785,0.15029069997944977,-0.1612333961738388,29.590909090909097
1.0,5,5,0.75,0.9982455413552099,0.1408249730527782,-0.15284907226358824,18.78545454545455
1.0,5,5,1.0,1.0578381905864012,0.1531591070726841,-0.15191585047849387,24.82909090909091
1.0,5,5,1.25,1.0497983672027,0.15596103072724699,-0.15194637187306137,27.327272727272724
1.0,5,8,0.75,0.9999390022472843,0.14103061025663477,-0.150556776027005,17.27727272727273
1.0,5,8,1.0,1.0643985022130216,0.15353301542760667,-0.14885896521946618,22.81818181818182
1.0,5,8,1.25,1.0686950716113748,0.1582875478845316,-0.14812899583676864,25.09090909090909
1.0,8,3,0.75,0.995963396073256,0.1399371718999698,-0.15430626878478815,18.463636363636365
1.0,8,3,1.0,1.0554304428850394,0.15196946346889684,-0.15513829241931176,24.4
1.0,8,3,1.25,1.026900756267224,0.15252168431782698,-0.16056173138686347,27.75909090909091
1.0,8,5,0.75,0.9996226880932509,0.14013357838099472,-0.1523461597618958,16.849090909090908
1.0,8,5,1.0,1.063627734164563,0.15230613079106647,-0.15252748054659626,22.247272727272726
1.0,8,5,1.25,1.0552075020479104,0.1561834039661718,-0.15271428073573934,25.386363636363637
1.0,8,8,0.75,0.9961549073031152,0.1395760725283035,-0.15005248437636898,15.354545454545457
1.0,8,8,1.0,1.062885068684353,0.15163905236353337,-0.14947276738412607,20.254545454545454
1.0,8,8,1.25,1.0550851107776458,0.15510170363004794,-0.14890031065496523,22.922727272727276
1.0,10,3,0.75,0.9809944981719496,0.13697114578196756,-0.1538739448374533,17.62512396694215
1.0,10,3,1.0,1.0388232258391954,0.14803762460402492,-0.15456413232873434,23.281983471074376
1.0,10,3,1.25,1.012693591975075,0.14952704951314644,-0.1611765265204793,27.049586776859503
1.0,10,5,0.75,0.9841148830601242,0.13714900327537438,-0.15191423301680618,15.967933884297523
1.0,10,5,1.0,1.0460232869165362,0.14834281143092554,-0.1519540312640939,21.072396694214877
1.0,10,5,1.25,1.0325649562702288,0.15170972965239438,-0.15197155647158933,24.40661157024793
1.0,10,8,0.75,0.9763039898892514,0.1359005064642771,-0.14962097934814644,14.521735537190082
1.0,10,8,1.0,1.039106262166305,0.1467375802096067,-0.1489000743028951,19.14413223140496
1.0,10,8,1.25,1.0232052739035538,0.1491260641287553,-0.14815864774374432,21.99628099173554
