fold_block,n_train,n_test,ridge_alpha,train_r2,val_r2,test_r2,train_ic,val_ic,test_ic
6,16,4,10.0,0.6612491872246014,,-60.24953408977533,0.25,,-0.39999999999999997
7,20,4,10.0,0.6060686064712675,,-9.799576839575709,-0.039999999999999966,,0.39999999999999997
8,24,4,10.0,0.5414547388990778,,-0.32449893197370927,0.09999999999999998,,1.0
9,28,4,10.0,0.5364710924870751,,0.3119960759193925,0.19999999999999998,,0.7999999999999999
10,32,4,100.0,0.29556159802354476,-0.06789017165729017,-0.03030448892793447,0.425,0.6,-0.19999999999999998
11,36,4,100.0,0.2330729236306256,-0.1586367813790286,-2.267864064160392,0.37777777777777777,0.43333333333333335,0.7999999999999999
12,40,4,100.0,0.18229984958827072,-0.17693226170793763,-0.10452834744394379,0.32,0.5142857142857142,-1.0
13,44,4,100.0,0.14707711522247868,-0.20942631473196927,-2.015291557894425,0.07272727272727274,0.3,-0.19999999999999998
14,48,4,100.0,0.12276141352030157,-0.1253137128200037,-1.59258567872695,-0.03333333333333331,0.17777777777777778,-0.7999999999999999
15,52,4,100.0,0.12255370086385531,-0.109701397753178,0.07628821255184781,-0.12307692307692306,0.08888888888888886,1.0
16,56,4,100.0,0.13082417301175198,-0.10280853495333742,0.019290372316288273,0.057142857142857155,0.059999999999999984,0.39999999999999997
17,60,4,100.0,0.14368646726298218,-0.016814820321907176,0.3637456707400881,0.09333333333333332,0.18181818181818185,0.7999999999999999
18,64,4,100.0,0.14666488243686615,-0.01679057725568578,0.015448283463892487,0.15,0.15000000000000005,0.19999999999999998
19,68,4,100.0,0.15455514325952802,-0.010348632655199586,-6.814837155499905,0.15294117647058825,0.18333333333333332,0.6000000000000001
20,72,4,100.0,0.14359444379015496,-0.06249345767826986,-0.8018136170165795,0.16666666666666666,0.30769230769230765,-0.7999999999999999
21,76,4,100.0,0.13324470127957333,-0.06997813715124357,-0.9349381803907153,0.11578947368421051,0.24285714285714283,0.39999999999999997
22,80,4,100.0,0.11868249914169293,-0.04253759352635211,-0.22813991548239798,0.18999999999999997,0.23999999999999996,-0.39999999999999997
23,84,4,100.0,0.12779487883432428,-0.03492396363782713,0.12354802253345365,0.18095238095238098,0.07999999999999999,0.39999999999999997
24,88,4,100.0,0.13122970669255407,0.010877046399210277,-2.307446430847725,0.16363636363636364,0.17500000000000002,-1.0
25,92,4,10.0,0.2291686507558719,0.033454915454191325,-0.6352907971908905,0.1217391304347826,0.10588235294117648,0.0
26,96,4,100.0,0.17128230899841468,0.028888178193394065,-0.008103536588529803,0.10833333333333334,0.08888888888888889,0.39999999999999997
27,100,4,100.0,0.17128878427516758,0.011755198938129818,-2.3089834555204134,0.12,-0.03333333333333332,-0.7999999999999999
28,104,4,100.0,0.170890514246256,0.03984799897878022,-0.7310778331777168,0.06923076923076922,-0.021052631578947385,-0.39999999999999997
29,108,4,100.0,0.16800894866673277,0.05088879839924032,-27.537250448557838,0.014814814814814793,0.009999999999999981,0.7999999999999999
30,112,4,100.0,0.15793549382853433,0.04554898269019425,-0.01986064001713128,0.04285714285714285,0.05714285714285713,0.7999999999999999
31,116,4,100.0,0.16751997255683426,0.06121376698651104,-0.49078642198054,0.09655172413793102,0.04761904761904759,0.7999999999999999
32,120,4,100.0,0.17484836224079803,0.05275185367347779,-0.2984472806412115,0.17333333333333334,0.16363636363636358,-0.39999999999999997
33,124,4,100.0,0.15599495449647172,0.03990013419640137,-1.244907561664728,0.167741935483871,0.12173913043478256,-0.39999999999999997
34,128,4,100.0,0.15635857949487475,0.04072437907425697,-0.2739860588264176,0.1375,0.09999999999999998,-0.7999999999999999
