feature,coefficient,abs_coefficient
state_bb,-0.047156966871572975,0.047156966871572975
state_vol,0.04385337364144923,0.04385337364144923
state_pb,-0.03142542290751999,0.03142542290751999
state_vb,0.021440678316503505,0.021440678316503505
hit_1b,-0.01771995320006932,0.01771995320006932
vol_ratio,0.013308684661428986,0.013308684661428986
ret_1b,-0.009794357825459225,0.009794357825459225
ret_3b,-0.0070069519189999065,0.0070069519189999065
drawdown,-0.00692763181590907,0.00692763181590907
vol_1b,0.0029665944858708057,0.0029665944858708057
