split,method,benchmark,n,mean_excess_ann,nw_t_stat,nw_p_value,boot_ci_low,boot_ci_high
holdout,5_dynamic,1_best_individual,216,-0.07546148312725699,-1.8012283532626172,0.0716668951708852,-3.0105752304687936,-0.3198756703100161
holdout,5_dynamic,2_equal_weight,216,-0.019799711028100464,-2.154217770955932,0.031223097864138794,-4.391959979780192,-0.33147261782041
holdout,5_dynamic,3_risk_based,216,0.0,0.0,1.0,0.0,0.0
holdout,5_dynamic,4_optimisation_based,216,0.02028666116260582,2.5235369988545977,0.01161808340523618,0.3307588376466091,5.183865975506368
holdout,2_equal_weight,1_best_individual,216,-0.055661772099156535,-1.5335983124437789,0.12512850374508977,-2.6635103307946912,-0.07577044549475738
holdout,3_risk_based,1_best_individual,216,-0.07546148312725699,-1.8012283532626172,0.0716668951708852,-3.0105752304687936,-0.3198756703100161
holdout,4_optimisation_based,1_best_individual,216,-0.09574814428986282,-2.0930951975504475,0.036340657338265414,-3.3715755453891876,-0.5673553644242203
holdout,2_equal_weight,3_risk_based,216,0.019799711028100464,2.154217770955932,0.031223097864138794,0.33147261782040865,4.391959979780191
holdout,2_equal_weight,4_optimisation_based,216,0.040086372190706286,2.425874554535495,0.015271547997964152,0.4172996895322443,4.98374782727973
holdout,2_equal_weight,R_task2_book_ew,216,0.02085070272248965,1.7231744317213307,0.08485698596191682,0.24164589626270816,2.8444966961251756
full,5_dynamic,1_best_individual,986,-0.07408722118603471,-1.4985487807263909,0.1339907287181492,-1.6902668293706924,0.1545965030904253
full,5_dynamic,2_equal_weight,986,-0.02051983356408674,-1.8967382935868964,0.05786248699214247,-1.878519376866671,-0.04168318168163482
full,5_dynamic,3_risk_based,986,-0.0008956340093585317,-0.3339161093990461,0.73844286328355,-1.1364534970608704,0.8232612860197119
full,5_dynamic,4_optimisation_based,986,0.00881521538357125,0.9299585741349681,0.35239253360485856,-0.5811849333785479,1.5728604658759098
full,2_equal_weight,1_best_individual,986,-0.05356738762194796,-1.3003117717733514,0.19349413504484758,-1.5795494403338035,0.2576309557734704
full,3_risk_based,1_best_individual,986,-0.07319158717667618,-1.4759066565301586,0.13996895229408102,-1.6810346136444456,0.16318061229398872
full,4_optimisation_based,1_best_individual,986,-0.08290243656960594,-1.4993783041259268,0.13377551874931748,-1.672696715287574,0.1694984327079869
full,2_equal_weight,3_risk_based,986,0.01962419955472821,1.7411282099936527,0.08166110751219646,-0.015190533871170237,1.86614992569049
full,2_equal_weight,4_optimisation_based,986,0.029335048947657996,1.5330002501578084,0.12527579327341454,-0.18860674284473072,1.8368497867636875
full,2_equal_weight,R_task2_book_ew,986,0.019695431477536895,1.432091699781058,0.15211757958487593,-0.1918157103983204,1.6665028375013906
