date,turnover,traded,confidence,w_alpha_02,w_alpha_05,w_alpha_03,w_alpha_07
2018-04-02,0.0,False,0.0,0.4783975765799153,0.21995793785643852,0.1629714488075675,0.13867303675607873
2018-05-01,0.0,False,0.0,0.4783975765799153,0.21995793785643852,0.1629714488075675,0.13867303675607873
2018-05-31,0.0,False,0.0,0.4783975765799153,0.21995793785643852,0.1629714488075675,0.13867303675607873
2018-07-03,0.0,False,0.0,0.4783975765799153,0.21995793785643852,0.1629714488075675,0.13867303675607873
2018-08-01,0.0,False,0.0,0.4783975765799153,0.21995793785643852,0.1629714488075675,0.13867303675607873
2018-08-30,0.0,False,0.0,0.4783975765799153,0.21995793785643852,0.1629714488075675,0.13867303675607873
2018-09-28,0.0,False,0.0,0.4783975765799153,0.21995793785643852,0.1629714488075675,0.13867303675607873
2018-10-30,0.0,False,0.0,0.4783975765799153,0.21995793785643852,0.1629714488075675,0.13867303675607873
2018-11-29,0.0,False,0.0,0.4783975765799153,0.21995793785643852,0.1629714488075675,0.13867303675607873
2018-12-28,0.0,False,0.0,0.4783975765799153,0.21995793785643852,0.1629714488075675,0.13867303675607873
2019-01-28,0.1288871759954831,True,1.0,0.468991254130952,0.16492067230766025,0.2140882545133438,0.151999819048044
2019-02-26,0.1288871759954831,True,0.0,0.4783975765799153,0.21995793785643852,0.1629714488075675,0.13867303675607873
2019-03-27,0.0,False,0.0,0.4783975765799153,0.21995793785643852,0.1629714488075675,0.13867303675607873
2019-04-25,0.0,False,0.0,0.4783975765799153,0.21995793785643852,0.1629714488075675,0.13867303675607873
2019-05-24,0.0,False,0.0,0.4783975765799153,0.21995793785643852,0.1629714488075675,0.13867303675607873
2019-06-24,0.0,False,0.0,0.4783975765799153,0.21995793785643852,0.1629714488075675,0.13867303675607873
2019-07-23,0.2191546142283682,True,1.0,0.37538420775839765,0.3185326017027059,0.1739740920754842,0.13210909846341223
2019-08-21,0.238479791995328,True,1.0,0.3947478156476897,0.19929270570504196,0.2403396892715714,0.16561978937569705
2019-09-19,0.0,False,1.0,0.3947478156476897,0.19929270570504196,0.2403396892715714,0.16561978937569705
2019-10-21,0.20862998616724437,True,0.0,0.4783975765799153,0.21995793785643852,0.1629714488075675,0.13867303675607873
2019-11-19,0.11926803529896338,True,1.0,0.5122114980826806,0.1603239202069568,0.1727575314552122,0.15470705025515033
2019-12-19,0.11926803529896338,True,0.0,0.4783975765799153,0.21995793785643852,0.1629714488075675,0.13867303675607873
2020-01-17,0.21468741747482384,True,1.0,0.3710538678425034,0.27269742796210517,0.16970246545249437,0.18654623874289716
2020-02-17,0.21468741747482384,True,0.0,0.4783975765799153,0.21995793785643852,0.1629714488075675,0.13867303675607873
2020-03-17,0.0,False,0.0,0.4783975765799153,0.21995793785643852,0.1629714488075675,0.13867303675607873
2020-04-15,0.0,False,0.0,0.4783975765799153,0.21995793785643852,0.1629714488075675,0.13867303675607873
2020-05-14,0.0,False,0.0,0.4783975765799153,0.21995793785643852,0.1629714488075675,0.13867303675607873
2020-06-12,0.0,False,0.0,0.4783975765799153,0.21995793785643852,0.1629714488075675,0.13867303675607873
2020-07-14,0.0,False,0.0,0.4783975765799153,0.21995793785643852,0.1629714488075675,0.13867303675607873
2020-08-13,0.0,False,0.0,0.4783975765799153,0.21995793785643852,0.1629714488075675,0.13867303675607873
2020-09-11,0.21563799187002977,True,1.0,0.371397741778272,0.3105705519399683,0.16215228767419587,0.15587941860756382
2020-10-13,0.21563799187002977,True,0.0,0.4783975765799153,0.21995793785643852,0.1629714488075675,0.13867303675607873
2020-11-11,0.0,False,0.0,0.4783975765799153,0.21995793785643852,0.1629714488075675,0.13867303675607873
2020-12-10,0.0,False,0.0,0.4783975765799153,0.21995793785643852,0.1629714488075675,0.13867303675607873
2021-01-12,0.0,False,0.0,0.4783975765799153,0.21995793785643852,0.1629714488075675,0.13867303675607873
2021-02-10,0.0,False,0.0,0.4783975765799153,0.21995793785643852,0.1629714488075675,0.13867303675607873
2021-03-11,0.0,False,0.0,0.4783975765799153,0.21995793785643852,0.1629714488075675,0.13867303675607873
2021-04-09,0.0,False,0.0,0.4783975765799153,0.21995793785643852,0.1629714488075675,0.13867303675607873
2021-05-10,0.0,False,0.0,0.4783975765799153,0.21995793785643852,0.1629714488075675,0.13867303675607873
2021-06-08,0.0,False,0.0,0.4783975765799153,0.21995793785643852,0.1629714488075675,0.13867303675607873
2021-07-07,0.0,False,0.0,0.4783975765799153,0.21995793785643852,0.1629714488075675,0.13867303675607873
2021-08-05,0.0,False,0.0,0.4783975765799153,0.21995793785643852,0.1629714488075675,0.13867303675607873
2021-09-03,0.0,False,0.0,0.4783975765799153,0.21995793785643852,0.1629714488075675,0.13867303675607873
