method,subperiod,start,end,n,sharpe,ann_return,max_drawdown
1_best_individual,1,2018-01-02,2019-04-16,329,0.41130820049685635,0.052897340184436814,-0.13553223388305813
1_best_individual,2,2019-04-17,2020-07-24,329,1.5260956001731132,0.22708872906354305,-0.14812899583676886
1_best_individual,3,2020-07-27,2021-11-01,328,1.6030135581201208,0.16675928772530213,-0.0481081462657067
1_best_individual,worst,2018-01-02,2021-11-01,986,0.41130820049685635,,
2_equal_weight,1,2018-01-02,2019-04-16,329,0.7233057744475297,0.05289611220799317,-0.07749615413494004
2_equal_weight,2,2019-04-17,2020-07-24,329,2.2021379318305887,0.16869853927688716,-0.053732099183732784
2_equal_weight,3,2020-07-27,2021-11-01,328,1.196192726008045,0.06392600389803449,-0.026577265259908445
2_equal_weight,worst,2018-01-02,2021-11-01,986,0.7233057744475297,,
3_risk_based,1,2018-01-02,2019-04-16,329,0.8548044072882484,0.04728217929659695,-0.06338386667521478
3_risk_based,2,2019-04-17,2020-07-24,329,2.254565184334387,0.12555148184492526,-0.03298853839247062
3_risk_based,3,2020-07-27,2021-11-01,328,1.166827565035214,0.05023021799080496,-0.02369935733042694
3_risk_based,worst,2018-01-02,2021-11-01,986,0.8548044072882484,,
4_optimisation_based,1,2018-01-02,2019-04-16,329,1.1060324174889489,0.0521792091810076,-0.04883519263017155
4_optimisation_based,2,2019-04-17,2020-07-24,329,2.0945060699594884,0.09885283051448246,-0.02939710037044374
4_optimisation_based,3,2020-07-27,2021-11-01,328,1.0900480675943804,0.04108497308288683,-0.01887224145437394
4_optimisation_based,worst,2018-01-02,2021-11-01,986,1.0900480675943804,,
5_dynamic,1,2018-01-02,2019-04-16,329,0.7489287326920695,0.04184667228749106,-0.069723448969921
5_dynamic,2,2019-04-17,2020-07-24,329,2.2585939697371105,0.13027083899361558,-0.034414271796812
5_dynamic,3,2020-07-27,2021-11-01,328,1.1455730613307924,0.04835097645950692,-0.02369935733042705
5_dynamic,worst,2018-01-02,2021-11-01,986,0.7489287326920695,,
R_task2_book_ew,1,2018-01-02,2019-04-16,329,0.8177460874334704,0.0487139254757456,-0.08043737582655086
R_task2_book_ew,2,2019-04-17,2020-07-24,329,2.295645233756677,0.14645647274843632,-0.03737654022939063
R_task2_book_ew,3,2020-07-27,2021-11-01,328,0.6653215074148513,0.028647003574345575,-0.03149976479722483
R_task2_book_ew,worst,2018-01-02,2021-11-01,986,0.6653215074148513,,
R_buy_and_hold,1,2018-01-02,2019-04-16,329,0.521193334341427,0.08281773450190966,-0.18860158311345654
R_buy_and_hold,2,2019-04-17,2020-07-24,329,0.1603146623555263,0.012967447128338305,-0.18195098198344417
R_buy_and_hold,3,2020-07-27,2021-11-01,328,1.2055927726708253,0.15633029266367582,-0.0584685342165836
R_buy_and_hold,worst,2018-01-02,2021-11-01,986,0.1603146623555263,,
