cost_multiple,cost_per_side_bps,ann_return,sharpe,turnover,slippage_bps
0.0,0.0,0.18534779958312186,1.414653107151873,98.54197303834698,
0.5,2.5,0.15653371488728074,1.2197597054627343,98.54197303834698,
1.0,5.0,0.12841348270131303,1.0243476403004976,98.54197303834698,
2.0,10.0,0.07418876376082095,0.6324738834141385,98.54197303834698,
3.0,15.0,0.02254587448095302,0.24005305624030926,98.54197303834698,
5.0,25.0,-0.07347591867793934,-0.542337030547172,98.54197303834698,
,5.0,0.12841348270131303,1.0243476403004976,98.54197303834698,0.0
,7.0,0.1064057354146628,0.8677293949827579,98.54197303834698,2.0
,10.0,0.07418876376082095,0.6324738834141385,98.54197303834698,5.0
,15.0,0.02254587448095302,0.24005305624030926,98.54197303834698,10.0
