strategy,split,sharpe,ann_return
alpha_02,dev,0.7865501710019106,0.03812510299485683
alpha_02,holdout,0.6443617661827881,0.01141901256423905
alpha_03,dev,0.5295209152515791,0.06563082859576719
alpha_03,holdout,1.9967968326606953,0.1407166800615125
alpha_05,dev,1.0243476403004976,0.12841348270131303
alpha_05,holdout,-1.4489671949838216,-0.08277468892258266
alpha_07,dev,1.0686950716113748,0.1582875478845316
alpha_07,holdout,1.8001634408760525,0.10798553027306612
alpha_08,dev,0.7939573986357367,0.11091262720085937
alpha_08,holdout,0.6465787733461942,0.032743890541565346
