book,split,ann_return,volatility,sharpe,max_drawdown,annual_turnover,hit_rate_active
v1 as submitted,dev,0.1070656265413148,0.07456766721935787,1.4013947242950022,-0.07749615413494004,32.60700790164021,0.4668400520156047
v1 scaled to 10% vol,dev,0.14396829205017236,0.09903837242356746,1.4076475033982372,-0.09853771377631149,42.4715609383873,0.4668400520156047
v2,dev,0.18634237134895093,0.0941188272715028,1.8628608886506108,-0.07020204404997754,49.70261717145337,0.46553966189856955
buy and hold,dev,0.09745271646707332,0.17625097355729943,0.6155815547994986,-0.18860158311345654,0.0,0.5116883116883116
v1 as submitted,holdout,0.04927705440230268,0.03049089298048313,1.5928778767017362,-0.023542608722002645,35.162735454961684,0.49767441860465117
v1 scaled to 10% vol,holdout,0.06571411006276273,0.040697695122769724,1.5842785742645504,-0.03130106409032429,46.9245894050458,0.49767441860465117
v2,holdout,0.046358180380123626,0.033576931169494645,1.3663781922460945,-0.025523139811026052,30.022095355255765,0.48372093023255813
buy and hold,holdout,0.019992116005310034,0.08502796203247705,0.2751226566966031,-0.058468534216582935,0.0,0.49074074074074076
v1 as submitted,full,0.09398678459458654,0.06742601308366461,1.366037608383062,-0.07749615413494004,33.12503532121982,0.4730964467005076
v1 scaled to 10% vol,full,0.1261367998215528,0.0895733121706776,1.371033415756492,-0.09853771377631149,43.39095142368717,0.4730964467005076
v2,full,0.15328956570755015,0.08471303956607261,1.7260872303510038,-0.07020204404997754,45.55139912988283,0.46903553299492384
buy and hold,full,0.08238518510969373,0.16077745057744297,0.5726647470274374,-0.18860158311345654,0.0,0.5081135902636917
