config,2019,2020,mean_val_sharpe,beats_default_both_folds
v1_set+alpha_08 / inverse_vol / regime_tilt,1.4181087089166151,1.382769082150026,1.4004388955333207,True
v1_set+alpha_08 / equal / regime_tilt,1.2811909187604982,1.138061636566344,1.2096262776634212,True
v1_set / inverse_vol / regime_tilt,0.7868670451994152,1.474262872925993,1.130564959062704,True
v1_set+alpha_08 / sharpe_shrunk / regime_tilt,1.2484988681327327,0.9777048251117945,1.1131018466222635,True
v1_set / equal / regime_tilt,0.6940942495443402,1.2813807864923423,0.9877375180183412,True
v1_set / sharpe_shrunk / regime_tilt,0.7119549122205014,1.1180632277032656,0.9150090699618836,True
v1_set+alpha_08 / inverse_vol / none,0.7196538099232103,1.0686645255182599,0.894159167720735,True
v1_set+alpha_08 / inverse_vol / band_05,0.7267533784609392,1.0081811879107199,0.8674672831858296,True
v1_set+alpha_08 / inverse_vol / band_10,0.6860624977621431,0.9981703998488931,0.8421164488055182,True
v1_set+alpha_08 / equal / none,0.771894244009877,0.7890711262152755,0.7804826851125763,False
v1_set+alpha_08 / sharpe_shrunk / none,0.8263189072491263,0.6859673375903076,0.7561431224197169,False
v1_set+alpha_08 / equal / band_05,0.7331178785909966,0.7736479759961586,0.7533829272935777,False
v1_set+alpha_08 / sharpe_shrunk / band_05,0.7870877723679105,0.6752825231682035,0.731185147768057,False
v1_set+alpha_08 / equal / band_10,0.6464747212527215,0.7716929325424743,0.7090838268975979,False
v1_set+alpha_08 / sharpe_shrunk / band_10,0.6779579189573213,0.6479200897494823,0.6629390043534018,False
v1_set / inverse_vol / band_05,0.22895860935206372,1.0392141167517446,0.6340863630519041,True
v1_set / inverse_vol / none,0.1874443926902544,1.064847297294696,0.6261458449924753,True
v1_set / inverse_vol / band_10,0.2556356105065509,0.9384451032876114,0.5970403568970812,True
v1_set / equal / band_05,0.2590051831374318,0.8399222093098945,0.5494636962236632,True
v1_set / equal / band_10,0.267007264686552,0.7859451683938037,0.5264762165401778,False
v1_set / sharpe_shrunk / band_10,0.2963773917619223,0.7217266523498689,0.5090520220558956,False
v1_set / sharpe_shrunk / band_05,0.27475102450788863,0.722978828223679,0.49886492636578383,False
v1_set / equal / none,0.17406557180572899,0.7944430745357983,0.48425432317076367,False
v1_set+alpha_08 / inverse_vol / vol_target,0.1452323063184249,0.7167565102120538,0.4309944082652393,False
v1_set / sharpe_shrunk / none,0.1618841083247915,0.6852872154916733,0.4235856619082324,False
v1_set / inverse_vol / vol_target,0.08393332058053535,0.7454170013230421,0.41467516095178875,False
v1_set / equal / vol_target,0.07021581397564777,0.4638456878045722,0.26703075089010997,False
v1_set+alpha_08 / equal / vol_target,0.05526934359965948,0.3544277688653546,0.20484855623250703,False
v1_set+alpha_08 / sharpe_shrunk / vol_target,0.05517625181779277,0.24033909263223374,0.14775767222501326,False
v1_set / sharpe_shrunk / vol_target,-0.010293862032242371,0.2883170013589575,0.13901156966335756,False
