fold,config,set,weighting,overlay,scale,ann_return,volatility,sharpe,max_drawdown,annual_turnover,hit_rate_active
2019,v1 as submitted (unscaled),v1_set,equal,none,1.0,0.008905614150384045,0.05008163004452247,0.20195639938597368,-0.06177496073652322,31.614677284485136,0.45348837209302323
2019,v1_set / equal / none,v1_set,equal,none,2.161611593012329,0.012366166557791436,0.09807831623301645,0.17406557180572899,-0.12005355348640545,57.55360614480852,0.4573643410852713
2019,v1_set / equal / regime_tilt,v1_set,equal,regime_tilt,2.310696039392312,0.07800642343131337,0.11823423314704287,0.6940942495443402,-0.12818961803571627,59.28634597056391,0.4573643410852713
2019,v1_set / equal / vol_target,v1_set,equal,vol_target,2.166894572530407,0.001979661411940281,0.10240949332270621,0.07021581397564777,-0.11939573614492127,53.148964468502555,0.45348837209302323
2019,v1_set / equal / band_05,v1_set,equal,band_05,2.161611593012329,0.02060765362394923,0.0966993656731338,0.2590051831374318,-0.11790528401875311,44.82366065588571,0.46124031007751937
2019,v1_set / equal / band_10,v1_set,equal,band_10,2.161611593012329,0.021022150049154975,0.09455505032708231,0.267007264686552,-0.11423271281387382,34.395541696992574,0.46511627906976744
2019,v1_set / inverse_vol / none,v1_set,inverse_vol,none,2.959016292111136,0.013147433203900771,0.09225074566895533,0.1874443926902544,-0.10545884883632295,58.567901559557974,0.437984496124031
2019,v1_set / inverse_vol / regime_tilt,v1_set,inverse_vol,regime_tilt,3.222098041700405,0.0867875238744269,0.11399021973722455,0.7868670451994152,-0.11283476705488427,63.433671375890874,0.437984496124031
2019,v1_set / inverse_vol / vol_target,v1_set,inverse_vol,vol_target,2.983014020318756,0.0035308627667347547,0.09110082340243,0.08393332058053535,-0.10453851408894455,51.074908209873676,0.437984496124031
2019,v1_set / inverse_vol / band_05,v1_set,inverse_vol,band_05,2.959016292111136,0.01677810390433576,0.09041985557176935,0.22895860935206372,-0.10338001453168377,46.63669902739848,0.4573643410852713
2019,v1_set / inverse_vol / band_10,v1_set,inverse_vol,band_10,2.959016292111136,0.018895697580126658,0.08842889731088052,0.2556356105065509,-0.10000266197910201,36.882897937071554,0.47674418604651164
2019,v1_set / sharpe_shrunk / none,v1_set,sharpe_shrunk,none,2.22330660264042,0.011093049066980498,0.09704545032937882,0.1618841083247915,-0.11711184896315496,71.29300765336751,0.4573643410852713
2019,v1_set / sharpe_shrunk / regime_tilt,v1_set,sharpe_shrunk,regime_tilt,2.264060077079645,0.07746662978775976,0.11384300902589091,0.7119549122205014,-0.12669972142316988,71.32110640957893,0.46124031007751937
2019,v1_set / sharpe_shrunk / vol_target,v1_set,sharpe_shrunk,vol_target,2.2478297171021384,-0.0064701117602457,0.1044184749583131,-0.010293862032242371,-0.12597661245164937,67.9799749376155,0.46124031007751937
2019,v1_set / sharpe_shrunk / band_05,v1_set,sharpe_shrunk,band_05,2.22330660264042,0.02200742322789373,0.09583102200626921,0.27475102450788863,-0.11444137405823906,57.54290725681332,0.4573643410852713
2019,v1_set / sharpe_shrunk / band_10,v1_set,sharpe_shrunk,band_10,2.22330660264042,0.023612599606449125,0.09334508811176513,0.2963773917619223,-0.11086104630491833,46.38859544743994,0.4689922480620155
2019,v1_set+alpha_08 / equal / none,v1_set+alpha_08,equal,none,2.0449814142833675,0.08103834084606598,0.10854655148861476,0.771894244009877,-0.11114143458458359,82.68408038734803,0.47674418604651164
2019,v1_set+alpha_08 / equal / regime_tilt,v1_set+alpha_08,equal,regime_tilt,1.68873097151663,0.14967182344563557,0.1139249335676018,1.2811909187604982,-0.09363614514448548,79.99206161588623,0.47674418604651164
2019,v1_set+alpha_08 / equal / vol_target,v1_set+alpha_08,equal,vol_target,2.0075399647028185,-4.772841377531645e-05,0.11195041125221669,0.05526934359965948,-0.12177198167116499,82.64066545177737,0.47674418604651164
2019,v1_set+alpha_08 / equal / band_05,v1_set+alpha_08,equal,band_05,2.0449814142833675,0.07417625633302882,0.10510576407037298,0.7331178785909966,-0.11171943439773213,69.23930782396259,0.4844961240310077
2019,v1_set+alpha_08 / equal / band_10,v1_set+alpha_08,equal,band_10,2.0449814142833675,0.06185709753971702,0.1006443042164022,0.6464747212527215,-0.10994293322562865,57.77341614767073,0.4728682170542636
2019,v1_set+alpha_08 / inverse_vol / none,v1_set+alpha_08,inverse_vol,none,2.7916356761977292,0.07174445072127145,0.10372525062518471,0.7196538099232103,-0.10534622234831215,74.89662175922743,0.4689922480620155
2019,v1_set+alpha_08 / inverse_vol / regime_tilt,v1_set+alpha_08,inverse_vol,regime_tilt,2.4616513749231337,0.1704243687509186,0.1156939368387739,1.4181087089166151,-0.08824895333133365,76.6465318655152,0.4728682170542636
2019,v1_set+alpha_08 / inverse_vol / vol_target,v1_set+alpha_08,inverse_vol,vol_target,2.656096465105117,0.009513658879142461,0.0981889871335889,0.1452323063184249,-0.0974726453136664,68.07434062082048,0.4689922480620155
2019,v1_set+alpha_08 / inverse_vol / band_05,v1_set+alpha_08,inverse_vol,band_05,2.7916356761977292,0.07013211834878064,0.10014289520064784,0.7267533784609392,-0.10298370062462425,63.08953679688504,0.4728682170542636
2019,v1_set+alpha_08 / inverse_vol / band_10,v1_set+alpha_08,inverse_vol,band_10,2.7916356761977292,0.06314612445920242,0.09593787765790737,0.6860624977621431,-0.09984830485497453,52.42358845056682,0.4806201550387597
2019,v1_set+alpha_08 / sharpe_shrunk / none,v1_set+alpha_08,sharpe_shrunk,none,2.00918115687787,0.08817831355621175,0.1094864411681369,0.8263189072491263,-0.10543113473749877,95.37522856309548,0.4689922480620155
2019,v1_set+alpha_08 / sharpe_shrunk / regime_tilt,v1_set+alpha_08,sharpe_shrunk,regime_tilt,1.5768192263009049,0.14583487397297046,0.11425864244272127,1.2484988681327327,-0.09296487921742191,89.25423866212863,0.4728682170542636
2019,v1_set+alpha_08 / sharpe_shrunk / vol_target,v1_set+alpha_08,sharpe_shrunk,vol_target,1.9140599309164392,-6.480888732662837e-05,0.11215385929151059,0.05517625181779277,-0.12168289049352932,98.68992602158843,0.4689922480620155
2019,v1_set+alpha_08 / sharpe_shrunk / band_05,v1_set+alpha_08,sharpe_shrunk,band_05,2.00918115687787,0.08115833049563626,0.10628815617795026,0.7870877723679105,-0.106832031701249,81.54400954056996,0.47674418604651164
2019,v1_set+alpha_08 / sharpe_shrunk / band_10,v1_set+alpha_08,sharpe_shrunk,band_10,2.00918115687787,0.06611490612171056,0.10208796007714824,0.6779579189573213,-0.10770495952132475,69.14661438236901,0.4728682170542636
2020,v1 as submitted (unscaled),v1_set,equal,none,1.0,0.04176496086624937,0.05504059721608808,0.7707907449291266,-0.05502840507009754,31.467964828591946,0.4666666666666667
2020,v1_set / equal / none,v1_set,equal,none,1.5816647225523823,0.0668558074174439,0.08610001551060585,0.7944430745357983,-0.08724224003309533,47.97456783106304,0.4666666666666667
2020,v1_set / equal / regime_tilt,v1_set,equal,regime_tilt,1.2917049906316656,0.12296046909178937,0.09393180417908553,1.2813807864923423,-0.07309397592409361,45.02089161089768,0.4666666666666667
2020,v1_set / equal / vol_target,v1_set,equal,vol_target,1.4577983150109046,0.038984344313516495,0.09140399113785062,0.4638456878045722,-0.08649343237624307,49.6329741062538,0.4666666666666667
2020,v1_set / equal / band_05,v1_set,equal,band_05,1.5816647225523823,0.07069523444292236,0.08567060425881512,0.8399222093098945,-0.08570337616150114,38.432510515888524,0.4669260700389105
2020,v1_set / equal / band_10,v1_set,equal,band_10,1.5816647225523823,0.0646010484467161,0.08412480348619891,0.7859451683938037,-0.08709031438530701,32.43150574052429,0.4785992217898833
2020,v1_set / inverse_vol / none,v1_set,inverse_vol,none,1.787265332216998,0.08694327285457715,0.08138940153969253,1.064847297294696,-0.06451567311459416,35.100087276828695,0.4669260700389105
2020,v1_set / inverse_vol / regime_tilt,v1_set,inverse_vol,regime_tilt,1.4242266984870922,0.13156079801519427,0.08636288197253424,1.474262872925993,-0.06284941166575031,32.67818347803576,0.4669260700389105
2020,v1_set / inverse_vol / vol_target,v1_set,inverse_vol,vol_target,1.6081204063836432,0.06646873183797641,0.09197904614830975,0.7454170013230421,-0.07196839209775185,39.36529098378679,0.4669260700389105
2020,v1_set / inverse_vol / band_05,v1_set,inverse_vol,band_05,1.787265332216998,0.08363753984466293,0.08038774836397301,1.0392141167517446,-0.0632505803612643,27.331787977459722,0.48249027237354086
2020,v1_set / inverse_vol / band_10,v1_set,inverse_vol,band_10,1.787265332216998,0.07266944781545925,0.07797498482197468,0.9384451032876114,-0.06289196551613518,22.23005702380373,0.48638132295719844
2020,v1_set / sharpe_shrunk / none,v1_set,sharpe_shrunk,none,1.5249232996133517,0.05611751083423533,0.08490067328678408,0.6852872154916733,-0.08899469820348771,59.32074086839979,0.45136186770428016
2020,v1_set / sharpe_shrunk / regime_tilt,v1_set,sharpe_shrunk,regime_tilt,1.2210226530987394,0.10221186887403921,0.09070364590126127,1.1180632277032656,-0.07305783681894584,53.88897093884869,0.45136186770428016
2020,v1_set / sharpe_shrunk / vol_target,v1_set,sharpe_shrunk,vol_target,1.4306393369067791,0.021718172249742818,0.08783175224475503,0.2883170013589575,-0.08973849843170811,62.68085529389499,0.45525291828793774
2020,v1_set / sharpe_shrunk / band_05,v1_set,sharpe_shrunk,band_05,1.5249232996133517,0.059175962309062635,0.08441735571834758,0.722978828223679,-0.08806021307850276,48.97296322514234,0.44357976653696496
2020,v1_set / sharpe_shrunk / band_10,v1_set,sharpe_shrunk,band_10,1.5249232996133517,0.058862613800091834,0.08411845214644095,0.7217266523498689,-0.08745260017512624,41.48446753814273,0.48249027237354086
2020,v1_set+alpha_08 / equal / none,v1_set+alpha_08,equal,none,1.5205165080167038,0.06827042246199166,0.08864106491900679,0.7890711262152755,-0.07771093076510438,78.50095471829546,0.4637096774193548
2020,v1_set+alpha_08 / equal / regime_tilt,v1_set+alpha_08,equal,regime_tilt,1.158242636999582,0.10704608837454233,0.09315095643372542,1.138061636566344,-0.06624121767139823,76.12270413839784,0.4637096774193548
2020,v1_set+alpha_08 / equal / vol_target,v1_set+alpha_08,equal,vol_target,1.4306009659329955,0.028289274166310774,0.09011403637028328,0.3544277688653546,-0.08099900065527199,77.83625178399076,0.4637096774193548
2020,v1_set+alpha_08 / equal / band_05,v1_set+alpha_08,equal,band_05,1.5205165080167038,0.06469400942143633,0.08575310458881596,0.7736479759961586,-0.07664038704055542,66.52050758751149,0.4474708171206226
2020,v1_set+alpha_08 / equal / band_10,v1_set+alpha_08,equal,band_10,1.5205165080167038,0.06191179866873009,0.08219766413470522,0.7716929325424743,-0.07281128837494244,56.351666617041126,0.45136186770428016
2020,v1_set+alpha_08 / inverse_vol / none,v1_set+alpha_08,inverse_vol,none,1.7517768141677867,0.08780037760772785,0.08187299180280924,1.0686645255182599,-0.050655827956982424,60.40380484859674,0.44357976653696496
2020,v1_set+alpha_08 / inverse_vol / regime_tilt,v1_set+alpha_08,inverse_vol,regime_tilt,1.342185582767704,0.12287074948380661,0.08650948303633682,1.382769082150026,-0.0466784677022567,59.46115831389209,0.44357976653696496
2020,v1_set+alpha_08 / inverse_vol / vol_target,v1_set+alpha_08,inverse_vol,vol_target,1.583475123175765,0.05962810012211617,0.0859332978325321,0.7167565102120538,-0.05367139640340457,60.4896347017595,0.44357976653696496
2020,v1_set+alpha_08 / inverse_vol / band_05,v1_set+alpha_08,inverse_vol,band_05,1.7517768141677867,0.07979253622833848,0.07924764969331773,1.0081811879107199,-0.04875074456423045,49.411607104252674,0.45136186770428016
2020,v1_set+alpha_08 / inverse_vol / band_10,v1_set+alpha_08,inverse_vol,band_10,1.7517768141677867,0.0759878692101088,0.0762761222329662,0.9981703998488931,-0.04487429719031333,39.328705601789345,0.46303501945525294
2020,v1_set+alpha_08 / sharpe_shrunk / none,v1_set+alpha_08,sharpe_shrunk,none,1.4472629518294213,0.05868809124486862,0.0888568984590703,0.6859673375903076,-0.07572967563026967,87.99669061189276,0.4474708171206226
2020,v1_set+alpha_08 / sharpe_shrunk / regime_tilt,v1_set+alpha_08,sharpe_shrunk,regime_tilt,1.088023011266687,0.09068813541612886,0.09320729504305356,0.9777048251117945,-0.07667279475367039,84.30323291278813,0.4474708171206226
2020,v1_set+alpha_08 / sharpe_shrunk / vol_target,v1_set+alpha_08,sharpe_shrunk,vol_target,1.3959062087819998,0.01739842791304902,0.08772175817872495,0.24033909263223374,-0.08631727802130429,86.53202430243842,0.4474708171206226
2020,v1_set+alpha_08 / sharpe_shrunk / band_05,v1_set+alpha_08,sharpe_shrunk,band_05,1.4472629518294213,0.05588049948489959,0.08596192721430218,0.6752825231682035,-0.07611007407961246,75.50767307168474,0.44357976653696496
2020,v1_set+alpha_08 / sharpe_shrunk / band_10,v1_set+alpha_08,sharpe_shrunk,band_10,1.4472629518294213,0.051295120884989,0.08242099679010377,0.6479200897494823,-0.07496137370747158,65.10443044208898,0.47470817120622566
